date,price,volume,exchange_inflow,exchange_outflow,netflow,miner_to_exchange,sma_20,sma_50,rsi
2024-01-01 00:00:00,100.51671415301122,97.76339025629548,9.696061125734596,7.306715028682204,2.3893460970523925,0.9127034412144506,101.72189328748408,97.22470989437087,50.0
2024-01-01 04:00:00,100.39844985184006,121.65382262614219,19.394011487521905,7.241369569855059,12.152641917666845,1.9590243711623134,101.72189328748408,97.22470989437087,50.57072667016084
2024-01-01 08:00:00,101.06613838994075,99.42740342293074,22.505056828784156,8.018962749541517,14.486094079242639,2.2264239913784585,101.72189328748408,97.22470989437087,51.141155858055185
2024-01-01 12:00:00,102.60916824634876,36.49613037520812,2.6808802400894733,3.388026886008259,-0.7071466459187858,0.7043310996766659,101.72189328748408,97.22470989437087,51.71099023647449
2024-01-01 16:00:00,102.39501487162543,97.93245523742867,7.396645208950476,11.407626569150123,-4.010981360199647,2.2235168019382763,101.72189328748408,97.22470989437087,52.27993278824524
2024-01-01 20:00:00,102.18087791467624,53.22402038576886,8.101124028934215,4.602550414689754,3.498573614244462,0.7713626637656497,101.72189328748408,97.22470989437087,52.84768696104449
2024-01-02 00:00:00,103.78009073018364,145.05462891552398,19.45103874097232,16.583382372997267,2.8676563679750515,1.5063011197014429,101.72189328748408,97.22470989437087,53.41395682197307
2024-01-02 04:00:00,104.56752545933654,125.60375654887024,24.158044522825225,11.709249524470382,12.448794998354844,0.5638196041070789,101.72189328748408,97.22470989437087,53.97844721180594
2024-01-02 08:00:00,104.1180510734016,65.07792960095736,8.407834826928632,-0.5709500426249483,8.97878486955358,0.5754425043643089,101.72189328748408,97.22470989437087,54.54086389883929
2024-01-02 12:00:00,104.68061111698756,80.96204437843076,6.641753327887022,3.484058302029532,3.15769502585749,0.531095711298671,101.72189328748408,97.22470989437087,55.100913732254114
2024-01-02 16:00:00,104.2371934241751,61.378661816712906,7.950546336844845,5.081884495772471,2.868661841072374,1.8173209662966652,101.72189328748408,97.22470989437087,55.65830479491654
2024-01-02 20:00:00,103.79146367060483,100.5891280219025,15.63508912247004,2.968914554217895,12.666174568252146,0.921208474437823,101.72189328748408,97.22470989437087,56.212746555534935
2024-01-03 00:00:00,104.05342594217089,167.75014470428192,23.656814701585326,20.12941958684134,3.5273951147439853,1.7840888841562614,101.72189328748408,97.22470989437087,56.76395002009482
2024-01-03 04:00:00,102.16014569751309,62.40707277624279,7.823581646464838,10.393120479680219,-2.569538833215381,0.8222186816452451,101.72189328748408,97.22470989437087,57.31162788249239
2024-01-03 08:00:00,100.45522786500005,129.24830408659588,19.8181251407343,19.508492488659503,0.3096326520747965,1.3209701507220661,101.72189328748408,97.22470989437087,57.85549467428833
2024-01-03 12:00:00,99.91294033575907,76.64392922716664,12.145363346704475,6.079998615764091,6.0653647309403835,1.788765532336177,101.72189328748408,97.22470989437087,58.3952669135037
2024-01-03 16:00:00,98.92010921542465,66.54484828164593,11.253262846149845,10.949043575656344,0.30421927049350117,0.4874250537522684,101.72189328748408,97.22470989437087,58.930663252380434
2024-01-03 20:00:00,99.25435654801993,94.08236606335879,12.459844661992335,9.16676225221218,3.2930824097801548,1.0369712191904985,101.72189328748408,97.22470989437087,59.461404624029456
2024-01-04 00:00:00,98.36633247249871,58.62008789193315,5.372184961368059,4.287807447570128,1.0843775137979303,0.4044091992465841,101.72189328748408,97.22470989437087,59.98721438788986
2024-01-04 04:00:00,96.97402877116342,73.52448980536612,7.891801427660338,4.3621981883779375,3.529603239282401,0.3800080294908658,101.72189328748408,97.22470989437087,60.50781847392343
2024-01-04 08:00:00,98.45967754008498,54.09318205209601,8.672513663850738,4.050308993866505,4.622204669984233,0.39838094690650705,101.61904145683778,97.22470989437087,61.02294552546935
2024-01-04 12:00:00,98.25390123959843,262.4124555373751,15.522540781745821,18.52399939155926,-3.00145860981344,2.5759771533978966,101.51181402622568,97.22470989437087,61.532327040684564
2024-01-04 16:00:00,98.34142944428636,100.09073990496505,11.854113203911524,9.861020880915435,1.9930923229960893,0.8075549920076872,101.37557857894296,97.22470989437087,62.0356975124961
2024-01-04 20:00:00,96.93668125807291,68.31950067444652,5.488314504740397,6.697271771031926,-1.208957266291529,0.483267264797859,101.09195422952916,97.22470989437087,62.53279456699248
2024-01-05 00:00:00,96.41229853354773,107.29947180185569,10.88416239608276,9.67329427984497,1.2108681162377888,0.5311529855638479,100.79281841262528,97.22470989437087,63.02335910018194
2024-01-05 04:00:00,96.5432211232576,91.27042203225196,14.961284255629534,10.20831454064013,4.752969714989405,0.8755559685373381,100.51093557305435,97.22470989437087,63.50713541304635
2024-01-05 08:00:00,95.4122275458353,85.43210285550256,9.35951004728361,12.774860007598615,-3.4153499603150053,0.4026013425070576,100.09254241383694,97.22470989437087,63.983871344820216
2024-01-05 12:00:00,95.80792556418096,130.24649388106164,13.327059267370037,17.905989293870306,-4.578930026500268,1.9046277025522926,99.65456241907916,97.22470989437087,64.45331840442556
2024-01-05 16:00:00,95.22728687426215,139.07597723067622,4.451431638071699,2.191156148260051,2.260275489811648,1.4492846256385354,99.21002420912218,97.22470989437087,64.91523189999396
2024-01-05 20:00:00,94.95559312446888,72.83224388942322,10.00079047515464,-2.745488398528496,12.746278873683135,0.3514150877617116,98.72377330949625,97.22470989437087,65.36937106640826
2024-01-06 00:00:00,94.37388651223948,70.76434616595603,9.36029791854139,9.674618036370106,-0.31432011782871605,0.6062763123356059,98.23060796389947,97.22470989437087,65.81549919079772
2024-01-06 04:00:00,96.24616469674841,83.87967039065771,17.460621697160544,1.8165036008043565,15.644118096356188,0.5758747370752931,97.85334301520666,97.22470989437087,66.25338373592072
2024-01-06 08:00:00,96.25266747201049,30.44787193163324,2.5762275791036693,2.398127065272466,0.17810051383120307,0.35716164007020285,97.46330509169863,97.22470989437087,66.68279646137118
2024-01-06 12:00:00,95.21495654305458,44.636035556129535,4.952703646500205,1.4057828682578632,3.5469207782423418,0.8724905481119684,97.1160456339757,97.22470989437087,67.10351354254533
2024-01-06 16:00:00,96.05750145515776,190.25858477337533,21.398227813756503,-0.018839762560328353,21.417067576316832,0.7449990755747113,96.8961593134836,97.22470989437087,67.51531568730667
2024-01-06 20:00:00,94.85665780518676,215.90764432060544,38.61997551503778,25.276985095559688,13.342990419478092,2.2868917867610583,96.64334518695497,97.22470989437087,67.91798825028853
2024-01-07 00:00:00,95.08552140019151,83.95313211575218,7.995295290549083,10.742454563879853,-2.7471592733307704,0.7749336302805566,96.45161579619332,97.22470989437087,68.31132134477465
2024-01-07 04:00:00,93.14585127631173,124.26856116916542,14.160536294051807,7.6020646053564676,6.55847168869534,1.738364783439593,96.1461905326079,97.22470989437087,68.69510995209927
2024-01-07 08:00:00,91.8376652274133,107.30203203529273,13.991629741516611,-4.244022268650227,18.235652010166838,1.1937214728941596,95.81975717035364,97.22470989437087,69.06915402850989
2024-01-07 12:00:00,92.05452646328243,429.15642721153694,46.919867950096716,26.902862659229683,20.017005290867033,2.946643225500992,95.5737820549596,97.22470989437087,69.43325860943685
2024-01-07 16:00:00,92.81299304327784,162.45062297028528,12.618891357098052,17.80299630532051,-5.184104948222457,1.3849678732066815,95.29144783011922,97.22470989437087,69.78723391111566
2024-01-07 20:00:00,93.00436132446781,87.24215057467657,9.57085647674126,1.4006222632397063,8.170234213501555,0.5859648218882205,95.0289708343627,97.22470989437087,70.13089542950868
2024-01-08 00:00:00,92.90871304207955,57.618702466294536,8.854933664306323,5.7139312550664485,3.1410024092398743,0.9867689046784319,94.75733501425236,97.22470989437087,70.46406403647502
2024-01-08 04:00:00,92.62760934649027,41.48633492815708,2.0193156168034734,3.7020126670096136,-1.6826970502061402,0.4193076972975193,94.54188141867323,97.22470989437087,70.78656607313818
2024-01-08 08:00:00,91.16908735612284,100.9320686700263,10.764252081103805,12.007340651187345,-1.2430885700835397,2.611364443482328,94.27972085980198,97.22470989437087,71.098233440403
2024-01-08 12:00:00,90.46924314772814,61.98141397945385,4.0284174946265106,5.9489152740755085,-1.920497779448998,0.6012971580344229,93.97602196102551,97.22470989437087,71.39890368657478
2024-01-08 16:00:00,90.02860437676836,44.212192145554766,7.063000773601607,1.8280217438435884,5.234979029758019,0.3102512028099203,93.70684080257216,97.22470989437087,71.68842009203452
2024-01-08 20:00:00,91.10572660298727,65.93927355297618,1.5720354559551977,9.879587398465373,-8.307551942510177,0.3093465339089465,93.47173085451247,97.22470989437087,71.96663175092658
2024-01-09 00:00:00,91.46934489255572,53.2623597609278,3.837761150711696,4.371429420918064,-0.533668270206368,0.2162089152997769,93.28383375542715,97.22470989437087,72.23339364981605
2024-01-09 04:00:00,89.72630473719299,208.58253119278672,24.792243504125423,18.48766530914905,6.304578194976372,0.9446853579179214,93.02236933606335,97.22470989437087,72.48856674327462
2024-01-09 08:00:00,90.07038870658779,139.96765215367554,24.952901353472193,6.065722440744407,18.887178912727784,1.599681391948002,92.80719444578078,97.0157833854424,72.73201802635586
2024-01-09 12:00:00,89.70530642617148,89.34842410628103,8.641108300055702,6.06102964065299,2.5800786594027123,1.152272327534533,92.48015153225192,96.80192051692904,72.96362060392192
2024-01-09 16:00:00,89.0483844258655,186.63445854971246,13.482477702399162,8.540367496687784,4.942110205711378,0.8465266457801555,92.11993737994467,96.56156543764754,73.18325375678572
2024-01-09 20:00:00,89.68006071470637,93.21723314635186,18.089536170982765,7.583473323690433,10.50606284729233,1.4583148848202274,91.84319258852727,96.30298328701468,73.39080300463374
2024-01-10 00:00:00,90.73106023720233,58.98349435543916,1.627903449453968,10.356641865821189,-8.728738416367221,0.4632710088944031,91.5768705276295,96.06970419432622,73.58616016569722
2024-01-10 04:00:00,91.68234035631853,196.3486329567956,-1.9517638903010552,4.20283126778974,-6.154595158090796,2.113019862489774,91.41815465518609,95.85973344315907,73.76922341314015
2024-01-10 08:00:00,90.8631228330959,118.96261110010673,14.513524505016768,1.1089611459218374,13.404563359094931,2.6637885581018628,91.20703472683131,95.60139408521731,73.93989732813493
2024-01-10 12:00:00,90.57391045724468,53.92224655695316,4.038630072170248,8.81944264644498,-4.780812574274732,0.8443337723540812,91.07843768587796,95.32152178517548,74.09809294959786
2024-01-10 16:00:00,90.92517388864825,82.67089160119522,4.045777783889702,6.5751314929382945,-2.5293537090485927,0.7228395921600819,91.0328131189397,95.05766424148041,74.24372782055876
2024-01-10 20:00:00,91.9207190157706,59.3301334177573,8.034357468055692,3.3549032650543014,4.679454203001391,0.37997532229953757,91.02612274656411,94.80246639945608,74.37672603114035
2024-01-11 00:00:00,91.46154477792533,45.81074830829321,5.139509487627053,6.5049079426921885,-1.3653984550651357,0.15620920009658412,90.95855033329647,94.54695342653108,74.49701825812507
2024-01-11 04:00:00,91.2958858012615,145.06682494319787,10.4152276953556,8.66327807059341,1.7519496247621902,1.0125254467996565,90.87312655713617,94.29704186914421,74.60454180108871
2024-01-11 08:00:00,90.20955082725547,234.35653900280997,8.433268513151765,42.488954342871516,-34.05568582971975,2.1087773431177124,90.73816844639497,94.02016436684589,74.69924061508203
2024-01-11 12:00:00,89.03334420317479,44.24432729998543,6.354497109383421,5.481708163831811,0.8727889455516102,0.2700811571970816,90.55845518922919,93.75762833695913,74.78106533984331
2024-01-11 16:00:00,89.865870025569,119.08087021931635,15.779413126378731,7.812232566142357,7.9671805602363746,1.115167005530769,90.4932943227015,93.54584118017051,74.84997332552655
2024-01-11 20:00:00,91.24211005413981,65.9037430612037,6.263571273900901,13.040071185052042,-6.7764999111511415,0.6848544085962512,90.53193766802208,93.37242457453813,74.90592865493208
2024-01-12 00:00:00,91.19009993255949,71.47756655080654,13.74741259408958,4.2682295535831996,9.479183040506381,0.6387676338995129,90.59001244581165,93.21782438888084,74.94890216222788
2024-01-12 04:00:00,92.2136328304515,68.573833013654,3.188392597540173,8.716061177247443,-5.527668579707271,0.49546406161143847,90.64540775718486,93.07700991452947,74.9788714481517
2024-01-12 08:00:00,92.59526885549914,60.113994212739094,1.4261288564560313,6.309843101470099,-4.883714245014067,0.6540312231983898,90.70170395533202,92.96158864218947,74.99582089168636
2024-01-12 12:00:00,91.97014910089402,94.22870621756182,6.162990509436181,14.61365343608204,-8.450662926645858,1.1753018531159967,90.81389617351708,92.86151104878407,74.99974165820205
2024-01-12 16:00:00,92.35154470640244,60.954481149329375,5.956514516202227,10.244958543707329,-4.2884440275051015,0.35336903268156433,90.92795397350781,92.73934839211043,74.99063170406112
2024-01-12 20:00:00,93.90958127286841,107.50752346969918,12.058793424928066,9.847711452613709,2.211081972314357,2.1768020163307553,91.13816771584266,92.65246199277583,74.96849577768332
2024-01-13 00:00:00,93.89375523375844,91.56460830887893,8.052026573508249,4.791494138241202,3.260532435267047,0.8716045747150927,91.3804362562373,92.56350850856526,74.93334541707081
2024-01-13 04:00:00,95.47839888957246,84.7262955684875,9.96404703592632,9.573953387960383,0.39009364796593715,0.8552859977507036,91.67035316498061,92.53434286119526,74.88519894379412
2024-01-13 08:00:00,92.87865378548271,58.99849954471225,2.2079025470567584,3.310655462335896,-1.1027529152791375,0.840674307438631,91.77773284239461,92.46366996623395,74.82408145344236
2024-01-13 12:00:00,93.72055628985794,70.24097877795924,12.094669823549852,13.392802636282896,-1.2981328127330443,0.7892830822518205,91.87964363907159,92.40721666956597,74.75002480254246
2024-01-13 16:00:00,93.8276033580961,136.88685442674026,13.12641462279359,13.254311497908096,-0.12789687511450687,2.2046148787323276,92.02786766532161,92.37552418581119,74.66306759195453
2024-01-13 20:00:00,93.54859600763024,120.1738733290972,18.73087571972972,8.620543308030216,10.110332411699504,1.3872613267664156,92.17660194284088,92.33033759468017,74.56325514675177
2024-01-14 00:00:00,93.66035678416573,57.448988108099876,6.729360028229845,5.700893764500657,1.0284662637291877,0.4229541566154404,92.31336108761676,92.29899899287824,74.45063949259546
2024-01-14 04:00:00,91.69278786956485,96.36180213680102,11.836858380152295,2.1819863440649145,9.65487203608738,1.1545278312893694,92.30196453030646,92.23374288778017,74.3252793286174
2024-01-14 08:00:00,91.49311598172733,133.21405838457105,17.116456425180658,5.517632791940054,11.598823633240604,0.7519571081573742,92.30354309049658,92.17612747716993,74.18723999682395
2024-01-14 12:00:00,91.87022855323907,39.87200232630398,4.879752069956227,5.981625515871746,-1.101873445915519,0.42096063569201264,92.33226022809545,92.08860875429973,74.03659344803751
2024-01-14 16:00:00,93.3681225979806,122.51458490679029,16.18860409744497,7.0023561458198325,9.186247951625138,1.2049582295294918,92.4901888166317,92.03091785681914,73.87341820439332
2024-01-14 20:00:00,92.86985237970696,66.67880903210293,11.099196289772136,2.5107539384962503,8.588442351275885,0.6008911847383032,92.68201422545832,91.98401577355219,73.69779931841097
2024-01-15 00:00:00,92.08135877681376,122.4829522608436,13.451819878423876,14.31000637689842,-0.8581864984745433,1.1485874848389481,92.79278866302056,91.90449291998532,73.50982832866225
2024-01-15 04:00:00,91.59960173322924,62.53943673472372,8.47097845559178,9.336212804457414,-0.8652343488656342,0.24407069471175405,92.81066324697503,91.83935179854616,73.30960321205795
2024-01-15 08:00:00,92.5350038509313,37.53020001540942,3.5846300737848793,4.726841078936885,-1.1422110051520056,0.28525073965271835,92.8779084428936,91.78834144756097,73.09722833277905
2024-01-15 12:00:00,92.88375496059098,41.1645539782449,7.080544540342969,5.754902794405014,1.325641745937955,0.4312056356855532,92.91141454940058,91.78309952124653,72.87281438787852
2024-01-15 16:00:00,92.37399475682395,94.62180727225777,6.262107624931227,4.93549670374266,1.3266109211885668,1.0249522030690754,92.90035084446683,91.79382611183473,72.63647834958222
2024-01-15 20:00:00,92.9072621899373,105.79074780533044,20.105216538057583,2.000446618868984,18.1047699191886,0.6328355465277898,92.94720649891899,91.81088082636785,72.38834340431895
2024-01-16 00:00:00,93.02433973928534,59.18705568343693,5.799864025297721,9.76981093439468,-3.9699469090969597,1.1144785177583205,92.98084625056313,91.81510776028799,72.1285388885115
2024-01-16 04:00:00,94.01298472981823,129.37680783714785,3.6822250114696704,9.556548330203263,-5.874323318733593,0.839013507976906,92.98601642341063,91.835280228395,71.85720022116209
2024-01-16 08:00:00,93.33093163594089,40.665966982286086,4.327071193580971,3.1499186701443387,1.1771525234366322,0.6603072412991567,92.95787524351974,91.84372460027224,71.57446883326732
2024-01-16 12:00:00,93.02326948934311,90.00000915884772,5.935268145365387,14.076875070853449,-8.141606925488063,1.1143115464053488,92.83511877350828,91.8516378031293,71.28049209409951
2024-01-16 16:00:00,92.65116133621095,50.56872931016218,7.182386734773462,5.9575778768931436,1.2248088578803182,0.3660627714915672,92.82374415104469,91.88127928273104,70.97542323439282
2024-01-16 20:00:00,91.20764638807883,65.83954736935888,4.435531366952926,7.4263314914962235,-2.9908001245432976,1.5995237712233707,92.69809865595573,91.89604734753806,70.65942126647408
2024-01-17 00:00:00,91.52376666514341,93.71872593647315,7.281085448904785,18.579748404962903,-11.298662956058116,0.5159782927598732,92.5829068213081,91.92595059330556,70.33265090138023
2024-01-17 04:00:00,91.8048219373233,59.70752982430102,0.32976250507200977,3.4525334875419014,-3.1227709824698917,0.9454115354585443,92.49571811779276,91.93993249999228,69.99528246300517
2024-01-17 08:00:00,91.82993539396575,75.76682757859626,5.863192012696911,10.333989632315351,-4.47079761961844,1.249547566510609,92.40419704828275,91.94714431002046,69.64749179932123
2024-01-17 12:00:00,91.61534826059061,151.52418053134866,-3.211398380581627,14.069119599299487,-17.280517979881115,1.0835741000220795,92.40032506783405,91.98492518048843,69.28946019072109
2024-01-17 16:00:00,90.21997751854019,67.61331614433968,1.4066854971213454,6.993219186226073,-5.586533689104727,1.3564451428398292,92.33666814467469,91.98791695672749,68.92137425552835
2024-01-17 20:00:00,89.81933219577483,136.40743991425236,18.827054817321244,22.701392844117677,-3.8743380267964334,1.20376343552594,92.23412332680148,91.99019747211955,68.54342585272555
2024-01-18 00:00:00,89.49661767924808,50.873766915943534,7.086207397280049,5.870414917287929,1.2157924799921194,0.587736849921691,92.04054808086485,91.9991621371872,68.15581198195083
2024-01-18 04:00:00,88.71434041002645,115.62169809096983,14.021776097058051,13.517888164958759,0.5038879320992926,1.316944620010744,91.83277248238082,91.9798477310936,67.75873468081488
2024-01-18 08:00:00,88.57305469836044,182.1102000541603,9.406209061772964,26.155644292726567,-16.7494352309536,1.7028229657275948,91.65735727845815,91.93668762031677,67.35240091959207
2024-01-18 12:00:00,88.99710555517498,25.862178122914838,2.5245218327399983,1.8556724061682321,0.6688494265717662,0.3879090197169136,91.52723246955544,91.88298292429388,66.93702249334046
2024-01-18 16:00:00,90.90329145638552,61.02896468838193,6.091903507290853,2.931801964245325,3.160101543045528,0.9074859062396723,91.44564684982817,91.8837862967597,66.51281591150695
2024-01-18 20:00:00,91.09786926921734,121.56759902752552,5.115779199582389,4.59033665452624,0.5254425450561486,0.5071412604677492,91.35635256525947,91.89426547299914,66.08000228507517
2024-01-19 00:00:00,91.37541965994012,82.55409849406456,14.460994423401196,-0.6866709132241557,15.147665336625352,1.5847929267496155,91.30642381041528,91.90327038842497,65.63880721131486
2024-01-19 04:00:00,91.32097374417395,109.94205137278692,15.817155638429515,21.197966119200306,-5.380810480770791,0.4788045709204884,91.2271093881271,91.89127548299304,65.18946065619289
2024-01-19 08:00:00,89.4222025288749,66.11372785476418,5.880934522765058,2.3033746240076503,3.5775598987574075,1.1079143951055601,91.0470025276066,91.85048863801202,64.73219683450705
2024-01-19 12:00:00,89.41568865342569,93.37195652509263,9.462714821996162,7.37053190113484,2.0921829208613216,1.6401265955061082,90.81713772378697,91.8128846950553,64.26725408780536
2024-01-19 16:00:00,89.49591886336673,82.79390166195073,9.142031451657614,6.305528493089397,2.836502958568217,0.479841713098482,90.62538708515827,91.79861205577755,63.79487476015426
2024-01-19 20:00:00,91.979160975852,164.91877353586264,-0.34414316571073156,17.377546397196962,-17.721689562907695,1.3429594736833008,90.57318165948371,91.85752839123109,63.31530507182062
2024-01-20 00:00:00,91.80680001107088,104.2609395315884,9.137546646531028,13.635960967354261,-4.498414320823233,0.5998199635743116,90.5309635932267,91.89634699094113,62.82879499093329
2024-01-20 04:00:00,92.1283473534045,109.06936061765433,7.187756767743848,14.508807115780892,-7.321050348037043,0.979564998113301,90.57699864149299,91.91407173692642,62.335598103191174
2024-01-20 08:00:00,92.11363558369925,74.96973518144202,3.7424141734314444,4.561618108340439,-0.8192039349089946,0.642683546901411,90.60649208742078,91.93254244994921,61.83597147968567
2024-01-20 12:00:00,90.96495754607972,71.28395295938026,6.126498293190505,5.819900947142145,0.30659734604836064,1.0526716051455454,90.56449886785859,91.90756894426177,61.330175542906424
2024-01-20 16:00:00,92.43487296179673,74.20989050079133,14.091295065691682,7.727401504244008,6.363893561447674,1.4288667156313057,90.57939111619004,91.89821917436369,60.81847393100028
2024-01-20 20:00:00,93.51904481590338,113.15365025690468,14.941050475362534,8.77681308741298,6.164237387949553,2.2737224888166243,90.64360937282459,91.91681046021145,60.30113336035394
2024-01-21 00:00:00,94.6478527937278,75.92307224715661,5.424024039348801,12.934807216959769,-7.510783177610968,0.5731925508187112,90.8181477639138,91.94399447288988,59.778423486572365
2024-01-21 04:00:00,94.05897599067022,107.2930838528826,13.801017003926415,12.290288379548828,1.5107286243775864,0.9663618475998302,90.96824904840155,91.92223000514312,59.250616763924995
2024-01-21 08:00:00,95.81488806640701,266.0247043765028,45.215626254422446,33.717005683223334,11.498620571199112,1.1464840324052215,91.20562577426246,91.92923794439726,58.71798830333327
2024-01-21 12:00:00,94.71954715634712,143.5495274500534,20.991489157331866,17.677272114139758,3.3142170431921087,0.9594211889241957,91.4130238104448,91.8769159892793,58.180815728973435
2024-01-21 16:00:00,95.65010525278163,79.40963887261906,8.177725194321992,11.80612426100416,-3.6283990666821673,1.2864357217448998,91.65782898690048,91.8887260781191,57.63937903356925
2024-01-21 20:00:00,98.23107022270479,174.44547270252048,11.801787670477335,17.279012112097604,-5.477224441620269,3.9127225703858026,91.99195440180594,91.92790722938761,57.0939604324503
2024-01-22 00:00:00,97.5503498539978,77.22877839603606,10.419024517504104,1.942952699364153,8.476071818139951,0.4166234523007846,92.18224370539431,91.94553671278877,56.544844216451644
2024-01-22 04:00:00,97.30153912516877,33.986477231026775,4.067306827721582,3.737982224380254,0.3293246033413282,0.2527284723085298,92.33548923186098,91.95782038860716,55.992316603731695
2024-01-22 08:00:00,97.73945363963813,56.954443356251225,8.244705912773604,3.2710164364540866,4.973689476319517,0.5620742302253191,92.48083980704585,91.97026187619662,55.43666559058558
2024-01-22 12:00:00,97.55091372990273,36.80956611400907,4.849976532789244,2.339953415469028,2.5100231173202157,0.4234449140490474,92.60473889531326,92.01238522899575,54.87818080133157
2024-01-22 16:00:00,96.26658473518884,77.3966740975728,11.801261882546939,9.234831911888103,2.5664299706588363,0.5163202138011369,92.74704337279229,92.02788875093033,54.317153337349005
2024-01-22 20:00:00,96.66684162241398,93.21131524595233,6.826632622819929,14.160118058892046,-7.333485436072117,1.15226487122575,92.8941016927841,92.03762128093078,53.75387562534628
2024-01-23 00:00:00,95.88027890651244,211.14156030522372,35.02198795826607,19.22730612258035,15.794681835685715,1.6660223365020737,92.98503331659255,91.99654985576188,53.188641264938056
2024-01-23 04:00:00,96.70457810457994,108.11167197327141,11.879308379554782,11.399473145225246,0.4798352343295367,1.073332582377826,92.97648245630849,91.97531568357117,52.62174487561105
2024-01-23 08:00:00,96.06021364297347,81.47576847115333,16.601750565878323,14.267282698265687,2.334467867612636,1.0706624774384776,92.93157843255179,91.95186289875363,52.05348194315837
2024-01-23 12:00:00,98.02737317741186,140.00535057518073,9.176035953329382,14.285818216585586,-5.1097822632562035,1.4045564924131386,92.9490937619293,91.96944394290813,51.4841486656621
2024-01-23 16:00:00,97.5240426896975,30.359899937680975,5.671174361744752,6.681732945194838,-1.010558583450086,0.2440845799561921,92.92918201517526,91.95305187886186,50.9140417991048
2024-01-23 20:00:00,97.50756174124017,102.84249974538436,11.301931959431746,12.163746256428317,-0.8618142969965703,0.9735789106810022,92.9516010944919,91.92364356229831,50.34345850269014
2024-01-24 00:00:00,98.7041362942671,135.6259598865689,9.145136387276791,0.26607942263963436,8.879056964637156,1.2976424734847147,92.95755489395128,91.92110079415748,49.772696183953286
2024-01-24 04:00:00,97.71196478246058,43.46525234764378,3.29491424053332,5.5490818945525175,-2.2541676540191977,0.3612395820279058,92.86436882595464,91.8836753910257,49.202052343742
2024-01-24 08:00:00,98.2818499521622,161.71678164591637,13.581401380085738,17.63649571316239,-4.055094333076651,1.4208827401645057,92.74300415733603,91.84885763559903,48.63182442114894
2024-01-24 12:00:00,100.01944230001374,109.68929220324719,13.295252342202055,16.9456396339185,-3.650387291716445,2.439529400280082,92.7324659991713,91.82080983544736,48.06230963847634
2024-01-24 16:00:00,98.60837077831319,73.95593846455371,9.328933305467288,9.145322391310142,0.18361091415714625,0.9789830283471153,92.57141396373167,91.77465343248203,47.49380484631346
2024-01-24 20:00:00,99.1341499428772,125.17966297296823,8.92718764026573,10.399575996983167,-1.4723883567174365,1.0798689208111925,92.4896861743583,91.73874294961928,46.92660636880795
2024-01-25 00:00:00,99.74331467309534,284.7947556915875,28.132672561512013,8.197842157359306,19.934830404152706,4.035280361174002,92.39160967000733,91.71587228570415,46.361009849211584
2024-01-25 04:00:00,100.92499977337337,101.09691975925826,20.938538703286873,8.042142404850038,12.896396298436835,0.8555589571701845,92.2231015279547,91.73790837818723,45.797310095780865
2024-01-25 08:00:00,99.89810866381785,103.12952992361951,19.220988745124245,4.895968961474332,14.325019783649914,1.8540601371037435,92.04227266661474,91.72928305091142,45.23580092811288
2024-01-25 12:00:00,98.77124805709633,71.36559719750095,8.693484682634717,4.35143361365171,4.3420510689830065,0.8585304172067184,91.82373586110069,91.68902748593035,44.67677502399645
2024-01-25 16:00:00,90.33398525388628,59.0622258934566,6.018451089961025,7.053737864306108,-1.0352867743450833,0.5597697762042829,91.6263135656131,91.65910848312876,44.120523766858504
2024-01-25 20:00:00,90.65096992711948,137.30222871758164,14.554251305475438,23.82128109423118,-9.26702978875574,1.7175052846025307,91.46891428649297,91.63982091645934,43.56733709388501
2024-01-26 00:00:00,90.92146277746535,59.261163426054935,7.744005784945451,6.5029394097674835,1.2410663751779678,0.27018345506778385,91.40157282144347,91.65385062163783,43.01750334489586
2024-01-26 04:00:00,91.28791098696233,94.61362447880205,4.622856863710576,2.8578846554943405,1.7649722082162351,0.5386159782497876,91.34812561812848,91.6832221974616,42.47130911205221
2024-01-26 08:00:00,90.62788626538384,71.37397004866367,6.2188977412022375,8.010310180634743,-1.7914124394325057,0.39290027540761374,91.31379236442089,91.7058475691843,41.92903909047492
2024-01-26 12:00:00,90.88013996254483,115.47238470666562,1.9134693659561435,17.301409192502696,-15.387939826546553,1.2402745536216346,91.2673921740396,91.74916356023466,41.39097592985165
2024-01-26 16:00:00,91.19321243584352,107.74976218789304,12.925786044820649,6.412280450577565,6.513505594243084,2.5622834553460736,91.28161681903492,91.80156671498433,40.85740008711023
2024-01-26 20:00:00,90.49886101781716,152.034464810295,20.12325089703461,12.664340422401093,7.458910474633516,4.639409635548969,91.18262717287804,91.83160182423717,40.32858968023487
2024-01-27 00:00:00,92.38463552896191,71.5897912318136,5.429418225078823,6.495657450574996,-1.0662392254961732,0.9849226665312949,91.21608891689523,91.8612287056887,39.80482034330156
2024-01-27 04:00:00,92.8784684498737,81.15447035921761,14.502250142282854,4.119001988127957,10.383248154154897,1.0424841091294585,91.28934538276829,91.89684068930183,39.28636508280821
2024-01-27 08:00:00,91.70716495267105,56.21696912364743,2.1762553908732514,6.881745277771518,-4.705489886898267,0.22844029357924908,91.26236081291272,91.90347559515645,38.77349413537424
2024-01-27 12:00:00,92.38371856130489,73.98069102323308,1.9812958245739751,6.210870811491759,-4.229574986917784,0.5639989107286564,91.32974713931053,91.92473049149906,38.26647482688407
2024-01-27 16:00:00,91.42903689107756,110.41139728636479,12.280241674170085,12.25308392270975,0.027157751460334723,0.7446442457483547,91.33702638546679,91.96486717874312,37.76557143314769
2024-01-27 20:00:00,92.23612149482001,134.6725310067617,20.518022031959315,6.144486898942962,14.373535133016354,0.9873330599740053,91.31830272409604,92.02127583557102,37.271045042151094
2024-01-28 00:00:00,93.41471707382742,58.90737182332641,10.850524914547858,4.0131875263818,6.837337388166058,0.5415738430957407,91.43788300340373,92.0996517997802,36.783153417968265
2024-01-28 04:00:00,92.6140347554757,143.0570717025355,11.023375225433195,18.042224538395317,-7.0188493129621214,1.1297859371379433,91.50719747386721,92.11234927537271,36.30215086640574
2024-01-28 08:00:00,93.2854195151043,184.3473317992124,28.377329855221745,13.154720022208755,15.22260983301299,0.6852315695162484,91.6116866110805,92.14816149284566,35.82828810244969
2024-01-28 12:00:00,93.40332386624547,115.62282349140061,11.33965945053985,20.389875941585526,-9.050216491045676,1.680545282833583,91.69772365105175,92.18619838201072,35.36181211958474
2024-01-28 16:00:00,93.9235294519345,242.48241125738414,22.155286928813336,16.978179717487954,5.1771072113253815,1.4181986046392465,91.8867112345666,92.24137070976974,34.902966061052496
2024-01-28 20:00:00,95.49852435491422,65.73550670166892,9.477942357299467,6.65468381792149,2.823258539377977,0.7408867217044938,92.23656129786838,92.35785245793426,34.451989093116936
2024-01-29 00:00:00,94.95426255766372,51.82512631038807,6.872848409485378,7.080843250821564,-0.20799484133618584,1.4619135736854252,92.54804487708915,92.4465699874884,34.009116280402814
2024-01-29 04:00:00,93.9133222604657,39.378297360333576,0.8340477803221865,0.7514053825728015,0.08264239774938498,0.24866525468898187,92.80699241443043,92.50517413310166,33.574578463371914
2024-01-29 08:00:00,92.74466343195165,200.63396617369986,34.875603946420405,0.3931541745678038,34.4824497718526,0.5661864923487961,93.00893958777311,92.53016735118155,33.1486021380011
2024-01-29 12:00:00,91.65354006710422,130.61147805016302,22.073936385488786,1.7916217123864433,20.28231467310234,1.1320779106931966,93.15277383639268,92.55703211265802,32.731409337724905
2024-01-29 16:00:00,91.28426942244134,91.52803779234178,6.289977449971997,14.015615678035411,-7.725638228063414,1.5871738483432185,93.32675423562046,92.5542989537275,32.32321751770403
2024-01-29 20:00:00,91.31969135059765,108.66310397174428,13.016772422489076,6.781348403218736,6.23542401927034,2.89288955244052,93.50617954873103,92.58642585554915,31.924239441480363
2024-01-30 00:00:00,91.29060799986972,53.98245981410969,6.731694215309223,11.7633158900234,-5.031621674714176,0.29191698716230297,93.68478577814315,92.61234943148139,31.53468307007727
2024-01-30 04:00:00,91.78801946219734,324.79030752898024,36.712246381232234,20.068020123087127,16.644226258145107,4.163513012735781,93.94046874090841,92.61100755987816,31.15475145360324
2024-01-30 08:00:00,91.50088287118346,102.02924327662957,7.395563406759086,10.124113385442136,-2.7285499786830503,0.8085069988682455,94.10351307271033,92.6297364526151,30.784642625415202
2024-01-30 12:00:00,92.58683361752344,102.57918194464449,6.813189411564833,17.14154524517336,-10.328355833608528,0.9728655803664389,94.31554246232452,92.68886198148726,30.42454949889676
2024-01-30 16:00:00,92.03067943847351,139.2538602231384,13.747460870815095,26.500656352199577,-12.753195481384482,5.224191700809632,94.57390418513693,92.74070134639287,30.07465976690515
2024-01-30 20:00:00,94.30179158481529,126.69885378496566,20.099056505522988,24.462403852318847,-4.363347346795859,0.5975948221642504,94.93544668584715,92.85701360771262,29.73515580393931
2024-01-31 00:00:00,94.57882255428858,112.13586058431798,14.261439615892547,16.86728681101814,-2.605847195125593,1.2730439221483334,95.37700663745697,93.01685248460899,29.406214571080017
2024-01-31 04:00:00,93.45769366484636,66.9634558638923,5.455464762930537,9.455449315202406,-3.9999845522718696,0.846050215812243,95.73635448105887,93.15817695088091,29.088007523751752
2024-01-31 08:00:00,92.14194743043959,124.52322923905803,17.25704369638327,14.896259087800152,2.360784608583119,2.14301829856446,95.98422792080733,93.29932964146614,28.780700522354252
2024-01-31 12:00:00,92.28301439843725,253.37363520104915,-10.74991642060335,32.66443593646151,-43.41435235706486,2.6609590662346405,96.29725909723554,93.4406599317435,28.48445374581039
2024-01-31 16:00:00,91.76421181380407,193.35020687524295,30.440724978430776,12.072925004831818,18.367799973598956,2.255469537202812,96.55094832793523,93.59590945099905,28.199421608075443
2024-01-31 20:00:00,92.11548162000037,220.4779520502074,2.869368650094591,10.82327497518283,-7.953906325088239,1.8126742290268705,96.81969853699272,93.73444029203608,27.925752677651296
2024-02-01 00:00:00,92.23955370671392,77.36590408251027,6.334561852842556,6.949877970006613,-0.6153161171640571,0.8850947765553225,97.07100761927916,93.89810095141132,27.663589600147375
2024-02-01 04:00:00,91.857956328345,60.875002945112634,2.6795048878652405,4.960750795189242,-2.281245907324001,0.5127618898234487,97.22383560680005,94.0667462628575,27.41306902392894
2024-02-01 08:00:00,90.76724340443322,92.98297222190973,3.2791306375320697,6.2613429439324575,-2.982212306400388,1.2687499709879235,97.34659331421767,94.20218535559496,27.174321528891255
2024-02-01 12:00:00,89.07188690259794,100.27942969247506,15.848295379750803,12.51681547612065,3.3314799036301537,0.8335890299760589,97.43129546861886,94.33194479016737,26.94747155839689
2024-02-01 16:00:00,88.3586784170104,167.80638764874163,12.856476310317895,23.117890695999005,-10.26141438568111,2.02625826152526,97.53814759689799,94.44822472700635,26.73263735441158
2024-02-01 20:00:00,88.82962182783066,42.03355664505709,4.93159519152872,3.9688228911932124,0.9627723003355073,0.4142302394467752,97.72861017914155,94.55548978464614,26.529930895872468
2024-02-02 00:00:00,88.7145070180142,211.00086667853702,20.605072527425378,34.5780843833818,-13.973011855956422,3.7051256816551716,97.93363253406234,94.69918638185976,26.339457840320833
2024-02-02 04:00:00,87.2839823126789,89.61507321840513,11.099009754828941,2.949728911869954,8.149280842958987,0.8734158295266903,98.05931035130669,94.81427552632853,26.161317468829804
2024-02-02 08:00:00,97.1753834954944,78.49829369625758,8.15134873796325,6.304749577083294,1.846599160879956,0.3234827362841562,98.1798126748771,94.92763063342933,25.995602634255626
2024-02-02 12:00:00,97.58070087522324,58.82856576713789,2.1090269547436,3.186089467495684,-1.077062512752084,1.1056331017613825,98.27822170498214,95.03305563068915,25.84239971283961
2024-02-02 16:00:00,96.7168434390221,42.28190571949735,6.334393558516109,-0.14066474849887156,6.475058307014981,0.2688297222360113,98.33178776868326,95.14554249344252,25.701788559185857
2024-02-02 20:00:00,96.89056854496764,146.2280624184789,11.012752818745529,12.556013793152658,-1.5432609744071293,1.0545499824326316,98.32036338382376,95.28751299057647,25.57384246463831
2024-02-03 00:00:00,96.96877726341363,100.58951488107601,2.2301605851651716,8.440730198984129,-6.210569613818958,0.7468037793434945,98.32508227654847,95.42020883076702,25.458628119078806
2024-02-03 04:00:00,95.84580696558301,50.287687854018905,3.9523227063905475,8.331286320406969,-4.378963614016421,0.9998091516807787,98.13664419605217,95.5241055715363,25.356205576166033
2024-02-03 08:00:00,96.22359432593129,50.35687755798465,8.8143666068444,6.1204043182821675,2.6939622885622327,0.1731023764462489,97.93481211618503,95.63014820250561,25.266628222033482
2024-02-03 12:00:00,96.80437885229954,81.84276280531836,11.663501099117793,3.1747346858832826,8.488766413234512,3.929467657242361,97.8038771404571,95.74047755981235,25.189942747462798
2024-02-03 16:00:00,97.90743009547481,225.54804678859952,18.62291428264151,41.20867205607086,-22.58575777342935,3.8243611074321353,97.78063935179101,95.88606843641418,25.126189123546936
2024-02-03 20:00:00,98.98123214750971,86.93272835153641,7.175176578443882,13.131335079697184,-5.956158501253302,0.9719837947682776,97.7859680449645,96.04809028011348,25.075400580855845
2024-02-04 00:00:00,97.62356277955261,46.04169549060756,3.863738394697921,5.48379085459888,-1.6200524599009585,0.4479517395215078,97.73358640900643,96.17669728698766,25.037603592115588
2024-02-04 04:00:00,96.7057377396375,85.52435627790774,17.43306235006497,6.728696726946002,10.704365623118967,0.9865000089603599,97.598613496348,96.30083482142408,25.01281785840982
2024-02-04 08:00:00,97.24077300684615,84.84519103650806,10.104788424060867,3.5658769268994686,6.538911497161399,1.1010005334098212,97.46573046582132,96.39795757098175,25.001056298910935
2024-02-04 12:00:00,97.77455895775836,25.38659016553896,3.084523569121545,1.8123400708508886,1.2721834982706564,0.35051867088487226,97.3621781784731,96.49587938113945,25.00232504414614
2024-02-04 16:00:00,98.3096066440644,95.67665381607034,14.496369049798524,13.819290082454422,0.6770789673441016,1.2631471740641438,97.32671796134359,96.62792821496731,25.016623432802003
2024-02-04 20:00:00,102.18233813471913,91.03932727760893,10.190892947708882,16.77211292942885,-6.581219981719968,0.9520970897918258,97.55963667998112,96.8239006064356,25.04394401206918
2024-02-05 00:00:00,102.7732286454123,145.56577987017528,12.671194388235813,24.33309257444288,-11.661898186207067,1.3188876390415225,97.84342567175665,97.0507844415223,25.084272541527046
2024-02-05 04:00:00,103.9287942855929,261.95796233623844,23.624025915057402,17.173316689242423,6.450709225814979,2.4287511955890992,98.14117300582507,97.28463789733775,25.13758800056631
2024-02-05 08:00:00,104.9027960490861,184.25426602197948,17.765784727218563,6.268169522174185,11.497615205044378,1.6714514122112436,98.47591574086161,97.51439947684294,25.203862599345666
2024-02-05 12:00:00,105.5741873003919,92.29311616853494,9.05754380694072,8.956521992804376,0.10102181413634348,1.6269131073093015,98.90551497739904,97.77360252774125,25.283061793276797
2024-02-05 16:00:00,105.27891805575156,60.54278083156478,8.256913882505737,0.09553842868167024,8.161375453824066,0.8146134371394061,99.3106917054119,98.00723267116187,25.375144301030232
2024-02-05 20:00:00,106.05788727624481,384.00860187571527,39.39824353667436,40.76573327358781,-1.3674897369134555,0.8827620883802786,99.73455102546298,98.24778658045365,25.480062126052555
2024-02-06 00:00:00,105.30506206170725,108.46968225933149,14.820430045234449,8.961751121516226,5.858678923718223,1.5056894656814357,100.16396195659723,98.45644278225477,25.59776058158386
2024-02-06 04:00:00,105.08824345496723,105.82270051269398,10.15518772710743,7.058180987883131,3.097006739224299,1.1664476905451582,100.5738457020972,98.62242675226803,25.728178319162357
2024-02-06 08:00:00,104.62287990713814,103.36844292232149,10.743264151325885,1.0610612136679956,9.68220293765789,1.024060039381722,100.95655083428343,98.78361121364473,25.8712473606013
2024-02-06 12:00:00,104.72475404652445,115.62797192636522,0.010402559920407265,13.375844408563937,-13.36544184864353,0.9521320804142579,101.4004981883305,98.96150788109634,26.026893133421538
2024-02-06 16:00:00,107.05941261319796,99.60414024669215,14.523915535818778,6.311412165041508,8.21250337077727,1.7473317436806002,101.94228910269383,99.20348800847391,26.195034509721246
2024-02-06 20:00:00,105.21214742060623,78.97629624996654,9.265848450982617,2.488081732253031,6.777766718729586,1.2683803924205403,102.36267753110918,99.42443903769896,26.37558384846255
2024-02-07 00:00:00,105.91840761098072,80.57912231195229,12.078851166742522,-4.320097401725335,16.39894856846786,0.5475128034168536,102.76322640688447,99.66065730491978,26.56844704115305
2024-02-07 04:00:00,104.32569173979107,102.63110166850304,-4.599183842016958,9.09560489928272,-13.694788741299678,1.2579670675849635,103.03044938649855,99.85779821522048,26.77352356089838
2024-02-07 08:00:00,103.87375987400165,79.15943069641459,16.181670705203224,14.138870134836749,2.0428005703664756,0.486978831320315,103.342959241221,100.0399666722188,26.990706514800262
2024-02-07 12:00:00,104.98271047096901,73.50642247983788,6.837605538934905,12.721239106839377,-5.8836335679044725,0.368761020636377,103.75680787778757,100.22737047617574,27.21988269967274
2024-02-07 16:00:00,105.06699049006447,110.80958360827967,17.220822185054704,7.440330231683762,9.780491953370941,0.8100044536067951,104.14811875194849,100.415799842677,27.46093266104757
2024-02-07 20:00:00,104.00924571213517,91.55969716335939,4.395296128036135,5.483455050959978,-1.088158922923843,1.4091937576468265,104.45985308966733,100.55360363207656,27.713730755437947
2024-02-08 00:00:00,103.31394200287521,219.1527176063554,28.629825089271588,24.860402192708936,3.769422896562652,3.529517458017232,104.71006985760786,100.68239448395569,27.978145215828214
2024-02-08 04:00:00,104.01353975180987,27.633703703143812,1.307881692863322,1.1075789628798254,0.20030272998349652,0.3571528992961289,104.80162993846241,100.7703739074817,28.254038220355334
2024-02-08 08:00:00,103.30317312009274,178.29179736678304,12.268535279475037,18.73661277548791,-6.468077496012873,2.5620282413355318,104.82812716219644,100.83123265141806,28.54126596414634
2024-02-08 12:00:00,103.53963170967471,193.05923342007662,37.781994637983324,24.770274571966258,13.011720066017066,2.49906336656409,104.80866903340052,100.9135637182744,28.83967873427439
2024-02-08 16:00:00,103.60520354957852,36.74096847495814,3.323804043737041,5.560622907726837,-2.236818863989796,0.2665966214823745,104.74378940842514,101.01822407189003,29.149120987794234
2024-02-08 20:00:00,102.97360320197271,86.75854181898018,9.619062132927219,7.3738076820768494,2.2452544508503696,1.0767206268205827,104.61376020350417,101.1002029702487,29.46943143281655
2024-02-09 00:00:00,105.13754729129803,87.31733699131983,12.530333561423127,6.969347855194384,5.5609857062287436,1.302888354072379,104.6066916652815,101.22953000610038,29.800443112578733
2024-02-09 04:00:00,105.79146631361604,52.33754599450138,6.530893279970512,2.4128064386679835,4.118086841302529,0.7631424934572711,104.59337061715004,101.35725541251657,30.14198349246856
2024-02-09 08:00:00,103.78632372695844,70.3459957000215,7.563667952723749,3.4227535215159226,4.140914431207827,1.2747019186746966,104.51743370041261,101.43501321470814,30.493874549955073
2024-02-09 12:00:00,103.99277804172786,59.68218290725584,7.05730175588582,4.695558729098049,2.3617430267877717,0.8504541906241919,104.46266042975064,101.51795668144825,30.855932867380027
2024-02-09 16:00:00,103.35099157695949,248.20775125355547,54.64809401234256,26.897845929568305,27.750248082774256,2.9589072264975242,104.39906601324171,101.60460029325435,31.227969727561444
2024-02-09 20:00:00,104.22342491175571,166.39693484955623,16.16031392415026,22.576608213004572,-6.4162942888543135,2.841354971430751,104.37399955650328,101.7385895162501,31.609791212159482
2024-02-10 00:00:00,103.45090417332301,195.3659940267631,21.500995160641516,9.737246758356772,11.763748402284744,1.9279241926189021,104.19357413450953,101.86565862351853,32.00119830275329
2024-02-10 04:00:00,103.35616773185609,148.2673398289009,22.61562060166955,24.409908750232944,-1.7942881485633926,0.954001040244807,104.10077515007204,101.97330502607116,32.40198698457622
2024-02-10 08:00:00,103.88115501083657,59.06990776272053,9.172156520728239,4.515529393350788,4.65662712737745,0.5444484320172454,103.99891252006482,102.08676929932079,32.81194835285532
2024-02-10 12:00:00,104.76691020500668,80.59832330037409,12.843464946782278,7.167740692136192,5.675724254646086,0.5553572593321868,104.0209734433256,102.24246345202805,33.230868721699615
2024-02-10 16:00:00,103.58661379795092,132.30308534150652,17.455607487916982,6.964357153012343,10.491250334904638,0.9439671314436086,104.00661613952306,102.37068805807716,33.65852973548054
2024-02-10 20:00:00,103.27211256210995,56.05332499568056,2.4018712073209914,-1.7495371092233716,4.151408316544363,0.5214582571137993,103.9210862440801,102.48451629181491,34.09470848264636
2024-02-11 00:00:00,102.817167250949,146.85585842223313,26.679535334724367,19.70838953634225,6.971145798382118,0.9881422679314648,103.80859508212434,102.60652276805344,34.53917761191127
2024-02-11 04:00:00,102.1838380183753,90.61419019600864,3.867661045935181,11.493702769435876,-7.626041723500695,0.7768250418426617,103.71732469743634,102.7123881575216,34.99170545075868
2024-02-11 08:00:00,103.96929225865638,86.20129364357274,9.924507794658734,6.545576459862742,3.3789313347959915,0.33444182379270315,103.7500922102254,102.85239845742645,35.45205612619688
2024-02-11 12:00:00,104.39427396961733,148.9565735844844,9.27794005062804,13.905027007592796,-4.627086956964757,1.6572033931023804,103.76912892111577,103.02336779750715,35.91998968770403
2024-02-11 16:00:00,103.1533900152823,128.81132793753233,12.468045513935179,14.91596030275374,-2.4479147888185615,1.288889907814444,103.76163976587524,103.16196371129418,36.395262232298705
2024-02-11 20:00:00,104.09125196233705,86.90233086001528,10.118744073727987,1.0317659254463538,9.086978148281633,0.5775676807865909,103.78922077850837,103.30770117349492,36.877626031670395
2024-02-12 00:00:00,106.2334081593497,189.67337972118133,22.01498342973019,12.05324370676575,9.96173972296444,2.63730137265543,103.92063100899693,103.4742207347724,37.36682966130397
2024-02-12 04:00:00,107.28587341990085,62.487424105402575,7.566979465978837,8.105445863859773,-0.5384663978809359,0.9985812124397404,104.13624451989332,103.64031356022022,37.86261813153077
2024-02-12 08:00:00,105.78650345394685,143.93916545003137,26.00772921228377,3.9274562503136723,22.0802729619701,0.6443202653745733,104.16869232802578,103.80357237370812,38.36473302043795
2024-02-12 12:00:00,105.32226938108057,141.6806400252895,17.380915508125117,14.830831387969482,2.550084120155635,0.9675801023232262,104.14523248139899,103.97590300653697,38.87291260856678
2024-02-12 16:00:00,106.60918053026722,91.32242804862044,8.017393966915867,2.02470131213641,5.992692654779457,0.6216705734524572,104.28637532156445,104.1632711570054,39.38689201532982
2024-02-12 20:00:00,105.92151106464843,124.68179720066846,18.47838576008163,14.129128171964574,4.349257588117055,0.7793018164661206,104.38281197271047,104.3262101991432,39.90640333707574
2024-02-13 00:00:00,106.38533049279467,56.9122670713044,9.075999814086147,5.0206821584508186,4.055317655635329,0.8616364430208264,104.53452891850222,104.4877246761178,40.43117578672983
2024-02-13 04:00:00,107.179964546224,170.12319360723882,6.570091260308382,1.5725182937262834,4.997572966582098,1.5440974849159004,104.68235590022564,104.5876772043479,40.96093583493756
2024-02-13 08:00:00,106.27303407464592,96.88846847004017,12.582905738586406,14.362452773310546,-1.779547034724139,0.8488548278142166,104.82346239529178,104.65767331293256,41.49540735263735
2024-02-13 12:00:00,106.23350871858412,81.80006788006342,11.047805683840428,4.357524066895546,6.690281616944882,0.30034505115354226,104.96732944462819,104.7037676015924,42.03431175498857
2024-02-13 16:00:00,103.01224137851503,174.05171060031995,14.815599221430464,8.613362820007245,6.202236401423219,2.391429421657579,104.9238837630121,104.66595650818097,42.57736814657943
2024-02-13 20:00:00,102.00785373718075,71.72776868180487,12.106595872140426,7.174818230546257,4.931777641594169,0.3859986445921603,104.78593093962081,104.59462983691675,43.1242934678393
2024-02-14 00:00:00,101.77528558578759,50.32674533789873,4.655084068034129,7.4197660489257835,-2.7646819808916545,0.5185767606422811,104.69536452901266,104.52455718751747,43.67480264257904
2024-02-14 04:00:00,100.54750240382275,46.1693283830043,4.906821864175465,1.8102489975186689,3.096572866656796,0.5303776244364364,104.55913402109829,104.41434949006903,44.22860872658248
2024-02-14 08:00:00,102.19991370775439,138.37062991895186,12.639660124526127,12.880090676544178,-0.24043055201805075,2.7321666005761327,104.52827134393856,104.35224652298997,44.78542305717149
2024-02-14 12:00:00,100.78977232979373,53.13427547915848,5.35481661821068,5.921327496052929,-0.5665108778422496,0.2761646104740194,104.45856805950947,104.26627710048649,45.34495540366697
2024-02-14 16:00:00,100.36972784309677,241.35231097867302,10.905804813342176,30.08583999134239,-19.180035178000214,0.5333014051166625,104.2785898387315,104.18121405920569,45.90691411866691
2024-02-14 20:00:00,100.52046842038284,35.4951713419946,0.9937744932557084,3.50770658260017,-2.5139320893444617,0.3891272979081135,104.08489956126978,104.09712834668284,46.471006290063016
2024-02-15 00:00:00,101.64180257041747,238.17887775040208,42.8067591013531,17.065185056735142,25.74157404461796,5.859752594477182,104.02631714597813,103.99557492860788,47.03693789371654
2024-02-15 04:00:00,99.8954403612144,111.75642925646721,6.442974125331757,5.433652235718412,1.0093218896133447,2.07637742933447,103.85004852577474,103.90264957136114,47.6044139467137
2024-02-15 08:00:00,100.73155287732025,96.94587819051559,4.889017721581548,9.142693756779996,-4.253676035198448,1.0766048021777506,103.62583028332847,103.81926228534999,48.173138661120895
2024-02-15 12:00:00,100.42221935315817,77.50535013670894,-0.5944277231182734,2.820656036345322,-3.415083759463595,0.6061418097468614,103.35050043090564,103.76833397798306,48.74281559815946
2024-02-15 16:00:00,99.13747159172284,123.08592200049704,8.376232408179138,-6.901122907331845,15.277355315510984,1.8427771910655821,103.10206364422808,103.70721413491096,49.31314782271972
2024-02-15 20:00:00,99.27387377076622,99.41149874565964,3.3646329076797348,11.116988108280639,-7.752355200600904,0.6109895046303239,102.90094373490703,103.63355734938477,49.883838058133726
2024-02-16 00:00:00,99.15015583612744,176.24872953121508,32.095027245373,23.82825402383149,8.266773221541506,2.236483870715645,102.64643125290532,103.56259615738813,50.45458884112603
2024-02-16 04:00:00,98.24701497272542,106.87151997077001,16.083186358602312,-3.0080722513601903,19.0912586099625,1.376015850419463,102.39729140032661,103.50118552340692,51.02510267686171
2024-02-16 08:00:00,97.99766061512216,108.91346799351115,7.143904769639232,4.3035484799414405,2.840356289697792,1.8505603092298315,102.12945068059007,103.45547700531068,51.59508219401085
2024-02-16 12:00:00,97.30776241782893,83.92925232746775,17.84518788565505,10.151890419548701,7.693297466106349,3.33553819192053,101.803612578339,103.38847026029855,52.164230299748674
2024-02-16 16:00:00,97.10084011875027,97.96722677159012,14.605764782190318,18.895406672581377,-4.289641890391058,1.1920455722226229,101.52979686692939,103.33834119482576,52.7322503346105
2024-02-16 20:00:00,97.41969650013564,118.36242219501416,9.91385075164951,10.775677677895091,-0.8618269262455804,0.9176853465401917,101.2920639570489,103.29712557105175,53.29884622712071
2024-02-17 00:00:00,98.61785641917811,43.83657029977465,-1.09461168640823,2.349633721398035,-3.4442454078062648,0.4327959389406921,101.29569525497915,103.28671884680257,53.863722648115484
2024-02-17 04:00:00,97.11325608583945,51.91334253334224,11.137858578090196,4.19746254824056,6.940396029849635,0.21435274074052663,101.28865516003476,103.26458781952898,54.42658516467833
2024-02-17 08:00:00,98.8190809523019,150.839454286535,4.603827799742744,23.944831324575027,-19.34100352483228,1.065761218524966,101.40089514139285,103.24223857796201,54.98714039360868
2024-02-17 12:00:00,96.64330421804412,111.19305003287639,1.9714597435671488,6.416038138516855,-4.444578394949707,0.9061562514086726,101.47791989187306,103.16816919995823,55.545096154343184
2024-02-17 16:00:00,96.17869362034914,92.99556110310577,14.054281664919666,4.65353504490165,9.400746620018015,0.7155794656747422,101.46573482240491,103.13156697178688,56.100161621250294
2024-02-17 20:00:00,96.41065775338333,103.51423333175278,22.97887832625072,6.817739720130596,16.161138606120122,1.117078028867677,101.554472682159,103.10300200144985,56.65204747521845
2024-02-18 00:00:00,96.35070503774556,122.39008602888795,20.710072070136473,5.181209223670724,15.52886284646575,0.811259920907056,101.67926235963473,103.09329259776288,57.20046605445916
2024-02-18 04:00:00,95.4453004146043,78.07472213363128,10.008824606198555,7.505597533793736,2.503227072404819,1.3675372464971445,101.7663800322551,103.05408053698356,57.745131504446135
2024-02-18 08:00:00,94.92947064886273,69.16898245960252,8.973825877281183,11.844076211182982,-2.870250333901799,0.6917614406517283,101.77102792790431,103.02655644596578,58.285759926912455
2024-02-18 12:00:00,94.15090745067077,112.05422231116518,15.986863068485311,11.894999842698525,4.091863225786787,1.115343618390718,101.82281888437953,102.99146706508412,58.82206952782807
2024-02-18 16:00:00,93.2865216627997,61.94545344908474,8.545154126399254,4.793483204483754,3.7516709219155002,0.5257847715652243,101.78698341539982,102.93449064348401,59.35378076428048
2024-02-18 20:00:00,93.74978114562295,124.97794943202553,14.254931321480749,9.424516748371193,4.830414573109556,1.3506182804679538,101.79311639822016,102.87719115994088,59.88061649018205
2024-02-19 00:00:00,93.75570555433139,43.65911571904378,4.593377974678732,0.5169439943222907,4.076433980356441,0.6595424403791779,101.86617558789115,102.8510379142582,60.40230210072806
2024-02-19 04:00:00,92.49085100243968,169.9800062333208,16.46602160980589,22.803750832207903,-6.3377292224020145,1.1018003524012734,101.88148412408596,102.81771650138711,60.91856567553011
2024-02-19 08:00:00,92.6763451389795,129.8541207557031,8.090141637159439,11.181496829003986,-3.0913551918445474,0.9344316848502767,101.93181966927375,102.8118859922479,61.42913812035034
2024-02-19 12:00:00,92.32080012422308,116.89955723877888,10.049416113193583,9.466059052028239,0.5833570611653442,1.0042910609222857,102.0275310343633,102.8252680581777,61.933753307362544
2024-02-19 16:00:00,92.41400453597798,169.47589384223207,2.6018209181201803,42.310568405546064,-39.70874748742588,0.8646807198067187,102.16039540114532,102.81959828167867,62.43214821386705
2024-02-19 20:00:00,92.33685756393065,239.93024651054745,22.813292106123768,25.177715133445375,-2.3644230273216067,1.5928886448799198,102.34400688986659,102.81842144779887,62.924063059387265
2024-02-20 00:00:00,101.45590851941166,171.91704175883783,8.693921243359783,9.010249090638686,-0.3163278472789024,1.354905109982096,102.4804927607792,102.82588239278734,63.40924144107605
2024-02-20 04:00:00,100.58324357927027,41.02404790165637,1.8387197395048354,2.8176185886505096,-0.9788988491456743,0.6351988581430117,102.55586304595593,102.80378247803077,63.88743046736168
2024-02-20 08:00:00,100.9867885008419,54.72003376600989,5.964194077872291,8.06695243822467,-2.1027583603523787,0.6239658553475681,102.58929717058152,102.75418531143643,64.35838088976362
2024-02-20 12:00:00,101.25240249221358,76.37583517805334,12.95335037727176,7.306381276313936,5.646969100957825,0.8413825244562487,102.71514058342014,102.69614624493971,64.82184723280929
2024-02-20 16:00:00,100.90358455106468,105.75367079022831,15.431134680641252,1.9126715799300502,13.518463100711202,1.6183244508260939,102.73328724782773,102.6680765458828,65.27758792198435
2024-02-20 20:00:00,100.6879332019818,135.39700764819898,2.9076466528064766,18.408773042594138,-15.501126389787661,1.2640933931223182,102.8549046713769,102.6520380759494,65.72536540964956
2024-02-21 00:00:00,101.58529034899064,73.61500171223135,3.718926322818249,4.1660787540523065,-0.44715243123405735,0.8948591669545296,103.04799459446727,102.63621468094802,66.16494629885874
2024-02-21 04:00:00,100.68576035107037,115.54823065389282,16.99004537649924,21.222152935340826,-4.232107558841587,1.0973596341134868,103.18209008779161,102.62271324748231,66.59610146501326
2024-02-21 08:00:00,100.87557172314794,72.52903698917682,3.689960473550683,10.444355634441246,-6.754395160890564,0.8281988309598894,103.3294908567877,102.61127737307709,67.01860617528962
2024-02-21 12:00:00,100.34977691409397,77.80426463587375,6.906555611169454,5.262206259865928,1.6443493513035259,0.5813785008747269,103.49791696915312,102.58030496455459,67.43224020577787
2024-02-21 16:00:00,99.81053422797186,52.18272070982078,6.653432823944523,8.038790815340576,-1.3853579913960532,0.1541502741911803,103.66586513387506,102.5635175413991,67.83678795626986
2024-02-21 20:00:00,100.51446818195689,67.15615861799034,3.4641011714153502,6.271900047023282,-2.8077988756079315,0.6279535162418575,103.9134021879293,102.56989616240456,68.23203856263741
2024-02-22 00:00:00,100.95398475077609,54.636268332693795,5.751493054743585,7.246882716994194,-1.4953896622506093,1.1128249691122192,104.23167829728013,102.65760845719122,68.617786006742
2024-02-22 04:00:00,101.3767125894372,66.44234537265466,2.212445403801371,7.590150346545889,-5.3777049427445185,1.0557718384512815,104.54814978357997,102.78207869752455,68.99382922381831
2024-02-22 08:00:00,102.25305492360175,185.53887730935224,12.975033855491303,8.84689577932643,4.128138076164873,3.006549265155921,104.91204443593926,102.93770987702885,69.35997220727624
2024-02-22 12:00:00,101.92599901445021,68.1777522674032,7.907875901018368,3.9422086520928485,3.9656672489255196,1.2649258115421667,105.31163476014324,103.11871679700508,69.71602411086613
2024-02-22 16:00:00,102.21114927317477,411.32890827384824,8.370672162351672,58.202234677671306,-49.83156251531963,4.299728010766511,105.70034273914027,103.2807145503286,70.06179934815441
2024-02-22 20:00:00,101.5754702966737,140.7838859527193,17.178975858975466,10.314001126991187,6.8649747319842795,1.553815716760976,106.05817240426381,103.46510979607943,70.39711768925753
2024-02-23 00:00:00,101.52540489223864,121.0385067356568,11.985004180682651,8.450615244361414,3.5343889363212373,0.8887961243126369,106.39156728106983,103.66478925861398,70.72180435478404
2024-02-23 04:00:00,101.05659475583549,71.7733466759022,9.16003731925699,3.031984000550047,6.128053318706943,0.61281424009164,106.68697356306129,103.85925104851547,71.03569010693552
2024-02-23 08:00:00,100.79597254414399,156.63334750110232,17.416955768678157,17.41448825721135,0.0024675114668077924,2.1310676468418355,107.02867939384846,104.02682729193548,71.3386113377191
2024-02-23 12:00:00,100.98789692435676,83.22039446591756,13.998254681058242,16.072042370692547,-2.0737876896343046,1.5193224458630363,107.42815212791736,104.23502391888782,71.63041015422563
2024-02-23 16:00:00,99.8942578018721,117.1081094113996,12.444051178993922,4.2888917808879805,8.15515939810594,1.0922111248346593,107.74934914756841,104.40359285713241,71.91093446092873
2024-02-23 20:00:00,101.43518934016579,403.8833056267589,31.71684409247018,36.83858921748218,-5.121745125012001,3.224768518184124,108.14464701773204,104.61380487967028,72.18003803896232
2024-02-24 00:00:00,100.17347410515494,106.08429245197468,11.25712144908862,17.038307241046745,-5.781185791958125,1.061123002194222,108.49068909851894,104.82352672759913,72.43758062233482
2024-02-24 04:00:00,110.1096715040511,195.60817396612143,24.87449416557218,16.825810301266138,8.048683864306042,2.6420278159064545,108.77015537950099,104.99972273378697,72.6834279710406
2024-02-24 08:00:00,111.28778237755115,78.29872095698572,8.021156146317123,8.81789153829713,-0.7967353919800075,0.3803869228181988,109.04364395936861,105.19509976353335,72.91745194103044
2024-02-24 12:00:00,112.0994450715141,110.15540423149324,11.239110130799505,4.062566953537299,7.1765431772622055,0.34945917703427126,109.38629424337617,105.41831438470213,73.13953055100461
2024-02-24 16:00:00,112.74356488856625,273.28527703650593,17.736328059670914,30.44817611914023,-12.711848059469315,2.0752416602631287,109.73279564917785,105.65261536051219,73.34954804599377
2024-02-24 20:00:00,113.39191039783051,82.87774109197669,5.540787578476606,6.683492001183138,-1.1427044227065322,0.4501565463350013,110.12082396306441,105.90718951844474,73.54739495769428
2024-02-25 00:00:00,113.39966362498362,280.6596440376718,8.383229588333984,39.092099448628765,-30.708869860294783,2.1769012468878177,110.51912399847001,106.15924839401534,73.7329681615269
2024-02-25 04:00:00,112.52240925349778,160.2970029445656,30.05229571217558,23.943451535211455,6.108844176964126,1.488796413719668,110.81762247270198,106.38011956866582,73.90617093038887
2024-02-25 08:00:00,112.6182138116915,85.01009987087372,3.2139630937713095,18.657862179877927,-15.443899086106619,0.6777177883555103,111.07864035739422,106.57078649815725,74.06691298507137
2024-02-25 12:00:00,111.96105210017939,153.60047777738313,10.038519305944138,18.275639617025778,-8.23712031108164,3.1753520639663955,111.26512467471078,106.77266650339496,74.21511054131611
2024-02-25 16:00:00,112.95617183359714,183.6950615100922,11.771112809107676,19.524914256624424,-7.753801447516748,2.16296357052237,111.43509103834056,106.95138823580791,74.35068635348654
2024-02-25 20:00:00,112.829114452095,153.9733281701478,22.287057055951358,15.354099428207908,6.93295762774345,1.7893391961465352,111.59665434081356,107.16621057658129,74.47356975483098
2024-02-26 00:00:00,112.0236172553025,51.090438054101455,4.355588392017346,3.6959683945870747,0.659619997430271,0.6973490137261928,111.68284513488223,107.3675586753195,74.5836966943165
2024-02-26 04:00:00,111.7222314136495,77.66829468088876,12.6123294173972,8.30461966621511,4.30770975118209,0.4394903061489501,111.76847997469788,107.55071271309498,74.6810097700145
2024-02-26 08:00:00,112.15516286792513,99.09945853646586,6.572818044048898,7.455245278497612,-0.8824272344487145,1.6661401856179376,111.8585530696029,107.73650554260126,74.76545825902063
2024-02-26 12:00:00,111.61143831512115,107.53397283437073,12.25346481651319,10.58382145738478,1.6696433591284112,1.0353654899338236,111.92694708958614,107.92347787144789,74.8369981438932
2024-02-26 16:00:00,110.80921791955474,151.13084939316542,8.800749454455296,23.558258181123513,-14.757508726668217,2.1132269438360307,111.94938029154139,108.09816823739031,74.89559213559666
2024-02-26 20:00:00,111.07290513104664,121.39349441330076,25.159706874232867,4.816028533445891,20.343678340786976,0.7103045101571385,111.95424000279937,108.28759236625578,74.94120969293789
2024-02-27 00:00:00,111.33787170215537,57.1053203263686,2.3196226257483974,8.394135347694888,-6.0745127219464905,0.2625923941721123,112.01225907677448,108.49370312168226,74.97382703848531
2024-02-27 04:00:00,110.85092852678424,134.05970198844577,15.482693802988774,20.89397584956382,-5.411282046575046,2.0179050735933806,111.94031162819677,108.67268297166092,74.99342717096249
2024-02-27 08:00:00,110.39989022116589,149.8151217291524,19.728980201213485,12.598938418446208,7.130041782767277,1.8083893534981825,111.89511313341313,108.83510174580792,74.99999987410983
2024-02-27 12:00:00,110.65194015852356,146.3915416879286,17.667988560042772,-2.3558417432840377,20.02383030332681,0.9324766773474711,111.92222656613674,109.01601971060728,74.99354172200957
2024-02-27 16:00:00,109.22385581702623,187.50206563918695,17.01311562506773,11.176792001470758,5.8363236235969715,1.2138390862602222,111.81903023811051,109.14998399106805,74.97405608087153
2024-02-27 20:00:00,107.83639204264968,163.62484342255055,15.300389758910667,25.337262388077722,-10.036872629167055,2.8723297886772348,111.60587758666729,109.24965300562373,74.94155310727854
2024-02-28 00:00:00,107.13794782139723,134.78855289635334,13.7741195350515,11.9768521094313,1.7972674256202001,0.7436618451208102,111.32559673330884,109.3186958933776,74.89604974289242
2024-02-28 04:00:00,106.94450066968537,103.2576332446531,9.566809385946092,4.133907821875227,5.432901564070865,2.347599811667598,111.00322624690159,109.37087726125874,74.83756970562351
2024-02-28 08:00:00,107.2754082352834,46.75489563021421,6.9287929383158735,3.0279056687805332,3.9008872695353403,0.29802986371259416,110.69701347741659,109.44585668067029,74.76614347726795
2024-02-28 12:00:00,108.77076445223292,134.83498518260083,28.386290326528492,17.802398107331022,10.58389221919747,1.8553576405506558,110.50943123735333,109.56154684522477,74.68180828761963
2024-02-28 16:00:00,109.64842407543496,121.64694380057368,8.773835788050896,14.273648324295646,-5.49981253624475,1.0321495012942132,110.36094175054049,109.67944433014083,74.58460809506474
2024-02-28 20:00:00,109.50848554547153,125.4354719254799,3.952453033126484,9.79066444241838,-5.838211409291897,1.6959023990279138,110.23831342280512,109.78193563914895,74.47459356366909
2024-02-29 00:00:00,109.50946933756885,57.8374642184336,5.528445931211074,4.144562090020027,1.3838838411910475,0.44061206958489635,110.06597829800369,109.8844646558783,74.35182203677033
2024-02-29 04:00:00,108.52693997293103,63.21048356805525,14.474282091713375,4.450782418985661,10.023499672727715,0.5826920359710713,109.8508695740455,109.96459653764872,74.21635750708859
2024-02-29 08:00:00,108.52842683693864,183.7522832430905,10.991376481866931,8.062956617464133,2.928419864402798,1.8755050169662995,109.67611005312729,110.01880485878351,74.06827058337134
2024-02-29 12:00:00,108.2597681980185,106.13968645000331,19.312735834238552,18.125345239462522,1.18739059477603,0.6430660164332319,109.50298689234576,110.07907143491663,73.90763845358963
2024-02-29 16:00:00,108.6024867583566,152.6953338687875,28.078387683745685,11.281738465242384,16.7966492185033,2.211534549753986,109.32535308686731,110.1348504346331,73.73454484470514
2024-02-29 20:00:00,107.79525581480426,109.3324058316109,7.906983867859772,16.4936599928598,-8.586676125000029,0.8458746207422617,109.13454396185148,110.17812866852721,73.54907997902879
2024-03-01 00:00:00,108.33460232904544,109.95846209374719,14.124071426603601,18.26034025983345,-4.136268833229847,0.9808188779232714,109.01081318232602,110.23614745677071,73.35134052719381
2024-03-01 04:00:00,109.88734124204802,175.66830275620686,31.869713825567132,24.578726303092452,7.29098752247468,1.0684966923171606,108.95153498787609,110.30284548623449,73.14142955776765
2024-03-01 08:00:00,109.79858109359117,84.82796312201383,6.874764610650435,5.80384308248331,1.0709215281671254,0.2355783385317607,108.87457045744789,110.35085998574935,72.91945648352915
2024-03-01 12:00:00,110.2202928156901,115.64688037085094,10.387516359554466,12.74272550634012,-2.355209146785654,1.051121139341088,108.84303867189317,110.39063852698621,72.68553700443887
2024-03-01 16:00:00,110.93043680740122,88.03774694586866,6.243280839314251,7.8168908914959125,-1.5736100521816612,2.9414515673402857,108.86956600120493,110.4181103719142,72.43979304733229
2024-03-01 20:00:00,110.54921633551538,88.96230180583473,4.3824754538134245,3.9868372786867208,0.39563817512670374,1.3169845121490154,108.86442981005453,110.4371377305718,72.18235270236738
2024-03-02 00:00:00,110.79330881732581,94.92435592677047,6.410822953521778,10.082671828723996,-3.671848875202218,0.9401460392930612,108.94290246006949,110.44700787943974,71.91335015625963
2024-03-02 04:00:00,110.8259012181076,123.84458073759828,4.805539614508035,3.8451278359272854,0.9604117785807498,1.0859028901099566,109.0923779188424,110.46333521145517,71.6329256223393
2024-03-02 08:00:00,110.94357731665643,87.3259307227188,8.881411601671639,13.04509416492447,-4.163682563252831,0.8831238826221568,109.28265939360537,110.4751327383918,71.34122526746751
2024-03-02 12:00:00,110.19056753280097,206.45642264252578,12.697346323508873,13.784916782924064,-1.0875704594151916,2.7141497408106416,109.44496273676114,110.47407293073867,71.03840113584904
2024-03-02 16:00:00,110.23507770705989,70.47876822002455,7.871723976512816,7.051963377876296,0.8197605986365195,0.39052429786922843,109.59294621034996,110.47156340727089,70.72461106978167
2024-03-02 20:00:00,110.75307599830535,100.87351050283367,2.2399182598516276,10.507428049541788,-8.26750978969016,1.760958075565887,109.69206178765357,110.46711070911925,70.40001862738337
2024-03-03 00:00:00,112.22421960610038,90.0741573558881,10.497603640710702,6.940641794947772,3.55696184576293,1.2880813342606692,109.82085156418687,110.50804529678821,70.06479299734028
2024-03-03 04:00:00,113.2034904321856,233.38184727984049,33.064711169060956,27.850550413982226,5.21416075507873,3.3420975489556626,110.00560180852256,110.52631755546516,69.71910891071965
2024-03-03 08:00:00,115.37667288969715,127.29148073206986,0.03986996664571874,8.433673783058506,-8.393803816412786,1.58494112887866,110.29896198612899,110.60777381092231,69.36314654989418
2024-03-03 12:00:00,114.62932532680912,192.02506957053563,22.793918899468363,25.647802469390555,-2.8538835699221927,1.939177815969947,110.60408125382287,110.69816688737748,68.9970914546247
2024-03-03 16:00:00,115.52164596352978,54.96396214928802,8.870273816636633,1.2477377834962675,7.622536033140365,0.7694634454031882,110.95374221015246,110.78284415909704,68.62113442535053
2024-03-03 20:00:00,115.72498796926813,132.2563012217118,5.226497775263062,12.738791896992238,-7.512294121729176,1.7779812594154623,111.32700319871492,110.85535501705213,68.23547142373778
2024-03-04 00:00:00,117.93479090248582,184.00211462249496,33.78805426411605,34.39854211250464,-0.610487848388594,1.5415011411017097,111.79361840592139,110.95917953733053,67.84030347053738
2024-03-04 04:00:00,117.14649261713066,122.06665156986716,14.764077527858513,4.880643878535425,9.883433649323088,0.9163069680023964,112.2611802460377,111.03427118171652,67.43583654080624
2024-03-04 08:00:00,116.32677077494988,198.1735987245759,12.831623042500814,11.120065893892257,1.7115571486085575,2.0852763103959457,112.66078866833291,111.09281332471586,67.02228145654598
2024-03-04 12:00:00,115.36155353574084,89.36828063759587,8.6876287346089,10.339498303892695,-1.6518695692837948,1.938870731197888,112.95379051270581,111.15731270223601,66.59985377681528
2024-03-04 16:00:00,112.88585918916142,229.92195397506535,29.410776131699524,22.757465567849703,6.653310563849821,1.2374046932995217,113.14603557828605,111.17781807410609,66.16877368537311
2024-03-04 20:00:00,112.00635010968013,357.11396651069316,37.06852599124352,38.40100226244333,-1.332476271199809,1.7145011195237618,113.29190730667733,111.20135157977283,65.72926587591151
2024-03-05 00:00:00,110.89994679233544,93.7500459222706,11.90042454386434,10.730569928800715,1.169854615063624,1.0180025156743138,113.36531520240536,111.19020003754012,65.28155943493742
2024-03-05 04:00:00,110.69283869996383,90.0905255431194,4.861854161602332,10.967266832692266,-6.105412671089934,0.9241218618852951,113.46630381105146,111.18499751866698,64.82588772236505
2024-03-05 08:00:00,110.67212959453066,233.5665363374414,25.334504686812224,33.98042569336578,-8.645921006553557,2.547131018279035,113.57317559439593,111.20314006324523,64.36248824988067
2024-03-05 12:00:00,112.1476206325508,252.9550951143144,7.41519525997722,27.949244427436916,-20.534049167459695,2.8577036886790563,113.77322629966207,111.26523374144084,63.891602557143415
2024-03-05 16:00:00,112.70941011730712,89.15813344616862,8.419977943595905,6.948727901885692,1.4712500417102126,0.7974311822578453,114.01591439191009,111.33807726731467,63.41347608588653
2024-03-05 20:00:00,111.78322244077584,93.40335644048116,5.118935262797596,11.547334136939924,-6.428398874142328,1.9673526649237218,114.26840779056779,111.41065721113135,62.92835805198474
2024-03-06 00:00:00,110.5499534734526,99.33288989514583,6.280173249421972,18.375998243199277,-12.095824993777304,0.44612975376824604,114.47475494694508,111.48171326943239,62.43650131555444
2024-03-06 04:00:00,110.66189553922185,58.6513209682254,9.490056975117552,4.88966166562516,4.600395309492392,0.3875894567782576,114.68079814733547,111.55773396693368,61.93816224915431
2024-03-06 08:00:00,109.03075852712831,71.74556579919768,11.089389683141093,2.961193104353097,8.128196578787996,0.6813552060419267,114.74827250698502,111.60245066887242,61.4336006041552
2024-03-06 12:00:00,110.42340839046534,69.86410649368707,9.11425517678988,10.155029673240207,-1.040774496450327,0.3072134266394727,114.85935626362307,111.69393540963567,60.92307937534882
2024-03-06 16:00:00,111.18212408700315,79.44472490029634,3.6055481353048755,6.671842818353117,-3.066294683048241,0.7275766732990124,114.92175290342159,111.81842971892571,60.40686466386584
2024-03-06 20:00:00,110.3666585318848,114.17803410407852,9.611458672404268,-2.1275338067171052,11.738992479121373,2.620391750660231,114.9990581387593,111.9288995164265,59.8852255384749
2024-03-07 00:00:00,108.37657307756689,128.70559062931946,20.677181861276438,17.036898530125427,3.6402833311510108,1.3005673743364818,114.9470906158064,112.03406831017541,59.35843389533474
2024-03-07 04:00:00,109.29098503218134,251.53942484485668,26.936312031874163,15.90574103613259,11.030570995741574,2.8229431275137262,114.95364961127487,112.19446382689517,58.82676431627265
2024-03-07 08:00:00,108.81593035138175,70.27078425404989,15.176133711309909,6.006278345434156,9.169855365875753,0.374225604497212,114.84499146781982,112.36693743113491,58.290493925662986
2024-03-07 12:00:00,109.60821287015229,191.42600004789918,22.90716304192725,20.405823343081213,2.5013396988460386,1.4065648021239647,114.83863905423121,112.56843630464839,57.74990224598051
2024-03-07 16:00:00,107.74868224079302,103.73088990926604,11.369160278916569,10.323815157379583,1.045345121536986,0.859874846499725,114.79455134981193,112.73182847367397,57.20527105210367
2024-03-07 20:00:00,106.82504674715746,112.05964309019728,9.473990276427926,14.060413749032389,-4.586423472604462,0.9560008496053884,114.7504645265171,112.85372601790154,56.65688422444389
2024-03-08 00:00:00,106.46555377001762,160.9981060259937,17.174802239946622,10.984205499245492,6.19059674070113,3.055808826626513,114.81283467442374,112.9585752436594,56.105027600977536
2024-03-08 04:00:00,106.14442956704929,65.57566504618403,6.057650958611552,7.584172551879048,-1.5265215932674963,0.86665007490885,114.90384160310262,113.06756285189182,55.54998882825711
2024-03-08 08:00:00,105.36557644676476,138.65966334808067,18.775271870982813,10.67993695448232,8.095334916500493,0.795426604481705,115.01030189128524,113.16792947485274,54.99205721148026
2024-03-08 12:00:00,105.57309621646458,125.16602414967225,18.503933679365144,15.88864069811031,2.615292981254834,1.4158403651768214,115.1403849867614,113.30080368375333,54.43152356369387
2024-03-08 16:00:00,104.2323673895686,145.98482951758305,8.861356082014801,17.630350518797957,-8.768994436783156,1.8728164057277719,115.19999926197958,113.41269574678614,53.86868005421246
2024-03-08 20:00:00,103.74059195823732,131.73449249930007,4.404984373166099,5.694627191034569,-1.2896428178684705,2.32959121918571,115.15868602098594,113.52751339289692,53.30382005632947
2024-03-09 00:00:00,103.48779116264423,389.58580031810163,3.190603040367851,56.216882621688924,-53.02627958132107,8.586440574210107,115.07586636966857,113.63828258043519,52.737237994401085
2024-03-09 04:00:00,103.5900977556264,83.36557091767062,10.454006441231526,5.268856452943644,5.185149988287882,0.5018360147489378,115.04761384283726,113.77588516352566,52.16922919038218
2024-03-09 08:00:00,103.8662998626753,88.49681228531155,3.9674598571086266,11.54024007018647,-7.572780213077844,0.5900001961628027,115.0998627934778,113.91733311389308,51.600089709894434
2024-03-09 12:00:00,114.30235775557914,83.70317711669469,-0.6398714190689075,9.070441692819891,-9.710313111888798,0.4463364762774031,115.07128368095111,114.0056334441637,51.03011620790678
2024-03-09 16:00:00,112.78824358484351,85.43651200897366,10.203591231519365,15.541686169667923,-5.338094938148558,0.7600230136604734,115.03201052023869,114.06542669398875,50.45960577410868
2024-03-09 20:00:00,114.08592040674202,82.95168157971129,18.63509326539407,6.538807391493653,12.096285873900417,1.0473543207519527,114.96504826232847,114.14273924580979,49.888855778056836
2024-03-10 00:00:00,114.4382344187216,207.37806027571366,20.67485733460894,15.041993444778292,5.632863889830649,3.3975024151871054,114.8557296989812,114.21289519803621,49.318163714175995
2024-03-10 04:00:00,113.70974788216506,231.34295297253732,32.83324188734736,20.59623631894681,12.237005568400551,2.227223086075686,114.73244559141126,114.2761058289692,48.747827046694674
2024-03-10 08:00:00,115.28089985768759,86.66053680127985,9.020622487019804,6.485762175729498,2.5348603112903056,0.7385286839156313,114.77237580907206,114.36585764977643,48.17814305459662
2024-03-10 12:00:00,115.41657449198044,76.12450196337066,7.236053916411757,9.895964120951861,-2.659910204540104,0.8212555048368001,114.7503961397392,114.45767111525387,47.609408676668835
2024-03-10 16:00:00,116.61587167604428,147.61287886854475,21.544664164564555,1.3557459953143305,20.188918169250226,0.9722440038707663,114.79310832187215,114.57111700244164,47.04192035672695
2024-03-10 20:00:00,116.7033901574544,88.54616610652147,7.56948171034099,3.3041780241242096,4.265303686216781,2.5171397618873432,114.77730561247697,114.70137345493471,46.47597388909852
2024-03-11 00:00:00,118.78413808233637,163.00384493169287,18.479683258114438,5.967546951517187,12.51213630659725,0.7296232963112788,114.94426168226559,114.87235466244023,45.91186426444494
2024-03-11 04:00:00,120.55947892477957,133.43370231444325,15.489636696802743,18.34918622502777,-2.859549528225026,1.4634619771847104,115.22895354532406,115.06848272096973,45.34988551600219
2024-03-11 08:00:00,120.3305147763005,56.39441839506613,3.7556132110818323,9.898949967834964,-6.143336756753132,1.5511601155319295,115.50093501597269,115.23060862437373,44.79033056632067
2024-03-11 12:00:00,121.32208572725484,263.01247783362794,39.347223606737536,22.29755061626019,17.049672990477347,2.639082216838086,115.81914600448076,115.39298053027511,44.23349107458395
2024-03-11 16:00:00,121.98746167684,299.42294416257414,27.32294614327207,24.420610104824064,2.9023360384480057,2.7228180706800367,116.19212906404206,115.52519630601797,43.67965728458602
2024-03-11 20:00:00,123.37609323437235,90.81668402900502,5.649954935094918,8.491596820760357,-2.841641885665439,0.7595342337864535,116.6024012048626,115.70013166416922,43.12911787344626
2024-03-12 00:00:00,122.43116977379225,100.85644939282848,12.791168833623486,14.936226456735985,-2.1450576231125,0.921578043028214,117.01780819412332,115.83832214037449,42.58215980114112
2024-03-12 04:00:00,123.13722123379067,142.05752038008347,7.82404535630171,6.1983024962169235,1.6257428600847863,2.822113578190844,117.47463673063496,115.98656680566494,42.03906816093068
2024-03-12 08:00:00,124.21564572064028,146.8258996195484,14.889476151106956,14.964267982330927,-0.07479183122397082,0.4858508412931286,117.97837170990348,116.11218390202801,41.50012603075839
2024-03-12 12:00:00,122.47690623421717,170.23751823531228,16.946132055655962,23.622137855334092,-6.67600579967813,3.664681002510385,118.36844777314793,116.21879217436975,40.96561432570104
2024-03-12 16:00:00,121.31364772155138,331.4515321140192,51.14124066193674,38.13505940825995,13.006181253676793,1.6263411995313501,118.66378016685466,116.31852971330177,40.43581165154632
2024-03-12 20:00:00,119.29441554379127,109.19343080814166,13.51103951315038,10.862462129461276,2.648577383689103,0.9556386232579315,118.91338305626527,116.38947046158749,39.910994159573875
2024-03-13 00:00:00,119.04500870934673,79.86622310508979,7.886681876969901,11.185448607830363,-3.2987667308604616,0.6443975869350803,119.22622131249045,116.49750098767052,39.391435402615826
2024-03-13 04:00:00,119.7825509651427,60.10051494793858,8.467460279244222,-2.714236296343076,11.181696575587297,0.8066421500890688,119.51105284041049,116.63039745930304,38.877406192471796
2024-03-13 08:00:00,121.30490801723872,84.17031090304138,14.26774117133126,10.428176801194477,3.8395643701367828,0.3785564389899154,119.8543865203363,116.80852372520857,38.369174458752305
2024-03-13 12:00:00,121.3990027976585,119.4047733502782,15.27073799514749,6.841441666637117,8.429296328510373,1.5044619485654265,120.23884926611102,116.985124010993,37.86700510922486
2024-03-13 16:00:00,123.04761834322979,301.82589762737155,30.33882420158832,-0.46229007953134166,30.801114281119663,8.304810945500032,120.6271851903881,117.1874614881733,37.37115989173493
2024-03-13 20:00:00,121.68751688501489,93.93948255854863,3.2322874124283656,10.855658814367459,-7.623371401939093,0.4751587045482589,120.94073231003983,117.32467351940498,36.881897257773986
2024-03-14 00:00:00,120.00413444565974,134.2119372430078,6.273645319033678,21.297143074707314,-15.023497755673636,1.4756566387444865,121.11014544852063,117.40880942508583,36.399472227765756
